EI;NS;FT;JP;P1;P2;P3;P4
2;2;1;2;7;7;6;7
2;1;2;2;8;8;8;8
1;2;2;1;7;7;8;7
1;2;2;1;8;8;7;8
1;1;1;1;7;7;8;7
1;2;2;1;8;3;7;5
1;2;2;1;8;8;8;8
1;2;2;1;7;8;7;7
2;1;2;2;6;5;6;6
2;1;1;1;8;8;8;8
2;2;2;1;7;6;6;7
1;1;2;1;6;8;6;6
1;2;2;1;6;7;6;7
2;1;2;1;8;8;8;8
2;1;1;1;8;8;8;8
1;2;2;1;6;7;7;5
1;2;1;1;7;7;7;7
1;2;2;1;7;7;6;7
2;1;1;2;5;7;6;6
1;2;2;1;8;8;8;7
2;1;1;1;7;8;8;7
2;2;1;1;8;5;6;5
2;2;1;1;5;5;6;5
2;2;2;1;7;7;6;7
2;1;1;2;8;7;7;7
1;2;2;2;7;5;6;7
2;2;1;1;5;5;5;7
2;2;1;1;5;5;6;7
1;1;1;2;8;7;7;7
1;1;2;1;6;8;5;8
2;2;1;1;6;4;7;6
2;1;1;2;8;8;8;8
1;2;2;1;7;7;7;7
2;1;1;2;7;7;5;7
1;2;2;1;7;6;7;7
1;2;1;2;6;6;6;7
2;2;2;1;8;8;8;7
2;2;2;1;7;5;6;6
2;2;1;2;6;8;7;6
1;2;2;1;7;7;6;6
1;2;2;2;7;7;6;7
1;1;1;1;8;8;7;7
1;1;1;1;5;7;7;7
1;1;2;2;8;8;8;8
2;1;2;2;3;3;4;4
2;1;1;2;7;6;7;7
2;1;2;2;7;7;7;7
1;1;1;1;7;8;5;7
1;2;1;1;7;8;8;7
1;2;1;2;8;7;8;7
1;2;2;1;8;7;8;6
1;1;2;1;8;8;7;8
1;2;2;1;8;7;7;7
1;2;1;1;7;7;7;6
1;1;1;2;8;8;8;8
1;1;1;2;8;8;8;8
1;1;1;2;8;7;7;7
1;1;1;1;7;7;8;7
1;1;1;2;6;8;7;8
2;2;1;1;7;8;8;7
2;2;2;1;8;8;7;7
1;2;1;1;7;7;5;8
1;2;1;1;7;7;7;6
2;1;1;2;6;5;5;7
1;2;1;1;8;8;8;8
1;2;2;1;7;8;7;7
2;2;2;1;8;7;8;7
1;2;2;1;7;3;5;6
1;2;2;1;8;7;7;8
2;2;1;1;8;8;8;8
2;2;2;1;8;8;8;8
1;2;2;1;7;7;7;7
2;2;1;2;5;5;6;6
1;1;2;2;6;6;7;6
1;2;2;1;8;1;8;6
1;2;2;2;7;8;7;7
1;2;2;1;7;7;7;7
1;2;1;1;8;8;7;8
2;2;1;2;6;5;5;5
1;1;1;1;4;8;5;8
1;2;2;1;8;7;6;6
2;2;1;1;8;4;4;4
2;2;1;2;6;6;6;5
1;2;1;1;7;8;7;7
2;2;2;1;8;7;7;8
2;2;1;2;7;7;5;7
1;2;1;2;5;7;6;7
2;1;1;2;7;7;8;7
1;2;1;1;7;8;5;6
2;1;1;2;6;7;7;8
1;2;2;1;8;7;6;8
1;2;2;1;7;7;8;7
2;1;2;2;5;4;5;5
2;1;1;1;7;6;7;7
1;2;1;2;7;7;8;6
2;2;2;1;7;6;8;6
1;2;2;1;7;8;7;7
1;2;1;1;7;7;8;7
1;1;1;2;8;8;8;8
2;1;1;1;7;8;7;7
2;1;1;1;7;7;7;7
1;2;1;1;8;7;8;8
1;1;1;2;6;7;6;7
2;1;1;2;8;8;7;7
1;2;2;1;7;7;8;8
1;1;1;1;7;7;6;7
1;2;1;1;7;8;7;7
1;2;2;1;7;6;6;7
2;1;1;1;4;4;5;6
2;1;2;1;6;7;7;6
1;1;1;1;6;7;6;6
2;2;1;1;7;6;5;6
1;1;1;1;7;7;6;7
2;2;1;1;6;6;6;6
2;2;2;1;8;8;6;8
1;1;1;2;8;8;8;8
1;2;1;2;8;8;7;8
2;1;1;2;7;6;6;7
2;2;1;1;7;7;7;7
2;2;2;1;5;5;7;5
1;2;2;2;7;3;8;6
1;2;2;1;8;6;8;8
2;2;2;1;5;7;7;7
1;2;1;2;8;7;7;8
2;2;1;1;8;8;8;8
1;1;1;2;8;8;7;8
1;2;2;1;7;7;7;7
1;2;1;1;6;8;6;7
2;1;1;1;7;8;6;8
2;1;1;2;5;6;7;8
1;2;1;2;7;5;6;5
2;1;1;1;7;7;7;7
1;1;2;1;7;5;7;6
2;1;2;1;7;8;8;8
1;1;1;1;6;5;5;5
2;2;1;1;7;7;7;7
1;1;2;2;8;7;7;7
1;2;1;2;8;8;8;8
1;1;1;1;8;7;7;7
1;1;1;2;7;7;7;7
1;2;2;1;7;7;7;7
2;2;2;1;8;8;5;7
1;2;1;1;6;8;8;7
2;2;2;1;7;8;8;7
1;2;2;1;7;7;7;7
2;2;1;2;6;6;6;6
1;2;1;1;6;5;7;7
2;2;1;1;6;7;7;7
2;1;2;2;7;7;7;7
1;2;2;1;6;8;8;8
1;1;2;1;8;8;8;7
1;1;1;2;8;8;8;8
1;2;2;1;6;8;8;7
2;2;2;1;7;8;7;8
1;2;1;2;3;4;8;4
2;2;1;2;6;8;8;6
2;2;1;1;6;6;8;7
2;2;1;1;8;8;8;8
1;2;1;1;7;8;8;7
1;2;2;1;8;8;8;8
1;2;2;1;7;6;4;7
1;2;1;1;6;6;7;7
2;1;1;1;6;8;7;7
2;1;1;1;8;7;4;8
2;1;1;1;5;6;6;6
2;2;2;1;8;6;6;7
1;2;2;1;8;6;7;8
1;2;2;1;6;6;7;6
2;1;1;2;8;8;6;8
2;2;2;1;6;5;4;5
1;2;2;1;7;7;6;7
1;1;1;1;6;8;5;7
2;1;2;1;8;8;7;7
1;1;1;1;7;7;8;5
1;2;2;1;8;7;7;8
1;2;1;2;8;5;8;8
1;1;2;1;6;7;8;6
2;1;2;1;7;7;7;7
2;1;1;1;7;7;7;8
2;2;2;1;8;5;8;5
1;2;2;1;8;7;8;8
1;2;1;1;7;7;6;6
1;1;2;1;8;7;6;7
1;1;1;2;7;7;7;8
1;2;1;1;6;6;7;7
2;1;1;2;6;7;7;6
1;2;2;2;8;8;8;8
2;2;2;2;5;5;6;7
1;2;1;2;6;6;6;7
1;2;2;1;7;7;7;7
1;2;2;1;7;7;7;7
1;2;2;2;8;6;8;8
1;1;1;1;6;6;7;7
1;1;1;2;8;8;8;8
1;1;2;1;7;7;8;7
1;2;2;1;8;7;8;8
1;2;2;1;7;8;7;7
1;2;1;1;8;6;6;6
1;1;2;2;8;6;7;7
1;1;1;1;7;7;7;7
1;2;2;1;6;5;6;6
2;1;1;1;5;6;7;8
1;1;2;1;7;7;7;7
1;2;1;1;7;7;7;7
2;2;1;1;7;7;7;7
1;2;1;1;7;6;7;6
1;2;2;1;7;7;7;8
2;1;1;1;8;8;8;8
1;2;1;1;8;7;8;6
2;2;2;1;6;8;8;7
2;1;1;2;5;7;5;7
1;1;1;2;8;7;8;8
1;2;2;1;8;8;7;8
1;2;1;2;7;7;7;7
1;1;1;1;5;5;5;5
1;2;2;1;7;7;7;7
2;2;1;2;7;8;6;7
1;1;1;1;7;7;6;7
1;2;1;1;5;6;5;6
1;2;1;1;6;3;5;6
1;2;2;1;8;8;7;7
2;2;2;1;7;7;8;8
2;1;1;2;7;5;7;7
1;2;2;1;8;7;7;6
1;2;2;2;7;3;7;6
2;1;1;1;7;6;6;5
1;2;2;1;6;6;6;7
1;2;2;1;6;7;7;6
1;1;1;1;8;8;7;7
2;2;2;2;3;4;4;6
2;1;1;2;8;8;8;8
2;1;1;2;8;8;7;8
2;2;2;1;7;7;7;7
1;2;2;1;7;7;7;8
1;2;1;1;7;8;7;7
1;2;2;1;7;7;6;7
1;1;2;2;7;7;6;6
1;1;1;1;6;6;6;7
1;2;1;1;8;8;8;6
1;1;2;2;7;7;6;7
1;2;1;1;6;7;7;8
1;1;2;1;7;4;7;7
1;1;1;1;8;8;8;8
1;1;2;1;8;8;7;7
2;1;2;1;8;8;8;8
1;2;2;1;6;8;8;7
2;1;2;2;7;8;6;8
2;1;2;2;8;8;8;8
1;2;2;1;8;6;7;7
1;1;1;1;8;7;7;7
1;2;2;1;6;6;5;7
1;2;1;2;7;7;6;5
1;2;1;1;6;6;6;5
2;2;2;1;8;8;8;7
1;2;2;1;8;6;5;8
1;1;1;1;4;7;7;7
2;1;2;2;7;7;8;7
1;1;2;2;8;8;5;8
2;1;1;1;6;8;8;8
1;1;2;2;8;6;8;7
1;2;1;2;7;8;8;6
2;2;1;1;5;5;5;5
1;2;1;1;7;7;8;7
1;1;1;2;8;8;8;8
1;2;2;2;7;7;7;7
1;1;1;2;7;5;4;5
1;2;1;2;7;6;7;7
1;2;2;1;8;7;8;8
1;2;1;1;5;6;7;6
2;1;1;2;6;5;5;6
1;1;2;2;7;7;7;7
1;1;1;2;7;8;2;7
1;2;2;1;6;5;8;6
1;1;2;2;8;8;8;8
1;1;2;1;8;8;8;8
2;2;2;1;6;5;7;7
2;2;2;2;7;6;6;7
1;1;2;1;7;8;6;5
2;1;2;2;8;8;8;8
1;1;1;2;7;8;7;7
1;2;2;1;7;7;7;8
1;2;2;1;7;8;7;7
1;2;2;2;7;7;7;7
1;1;1;2;8;8;8;8
2;1;2;2;6;5;7;7
1;2;2;1;7;7;7;7
2;1;1;1;8;8;8;8
1;1;2;1;6;7;6;6
1;1;2;1;6;6;3;3
1;1;2;1;8;8;8;8
2;2;2;1;6;4;3;5
1;1;2;1;8;7;8;8
1;2;2;1;7;7;7;7
1;2;2;1;8;8;7;8
1;2;2;2;8;8;6;4
1;2;2;2;6;6;7;6
2;2;2;1;8;7;7;7
1;2;2;1;6;8;7;7
1;2;2;2;8;8;5;7
1;2;2;1;6;5;6;7
1;2;1;2;6;5;7;8
1;1;2;1;6;5;6;6
1;1;2;1;6;6;6;6
1;1;1;2;7;8;7;8
1;2;2;1;8;8;8;8
1;1;1;2;6;7;7;7
1;2;2;1;4;5;5;6
1;2;2;1;7;8;7;6
1;2;2;1;7;7;7;8
1;1;2;2;7;7;6;7
1;2;2;1;6;6;7;5
1;1;1;2;7;8;7;8
2;2;2;1;7;7;5;7
1;1;2;2;5;5;7;7
1;2;1;1;7;8;8;8
2;2;2;1;7;6;5;6
1;2;2;1;7;8;7;7
1;2;1;1;6;6;7;7
1;1;2;1;7;7;8;7
1;2;1;1;8;6;5;6
1;2;2;1;5;4;5;7
1;2;2;1;7;8;7;7
1;2;2;1;8;8;7;8
2;2;1;1;7;7;7;6
1;2;2;1;8;8;8;7
2;2;2;1;6;7;6;6
1;1;1;2;8;7;7;8
2;2;2;1;7;6;7;7
1;2;2;1;6;6;6;6
1;2;2;1;7;7;7;7
2;2;2;1;6;6;6;6
2;2;2;1;7;8;8;7
1;1;2;2;6;7;6;6
2;1;1;2;6;7;7;7
1;1;1;2;6;8;7;8
2;1;1;2;8;8;7;7
1;2;2;1;7;7;5;7
1;2;2;1;6;7;6;7
1;2;2;1;8;8;7;7
1;1;2;2;8;8;8;8
2;2;2;1;8;7;7;7
1;2;2;2;7;7;6;7
2;1;2;2;7;7;6;6
2;2;2;1;4;5;5;6
1;1;2;1;7;6;7;8
1;2;2;1;8;8;8;8
1;1;1;2;8;8;8;7
1;1;2;1;7;7;6;7
1;2;1;2;8;7;7;7
1;2;2;1;6;7;7;7
1;2;2;1;7;7;7;7
1;2;1;2;8;7;8;7
2;1;1;1;8;8;8;8
2;1;1;2;4;7;1;1
1;2;2;1;7;7;6;6
1;2;2;1;7;8;7;6
1;2;2;1;6;6;7;6
1;2;1;2;8;7;6;7
2;2;2;2;7;8;7;7
2;1;2;1;8;8;8;8
1;1;2;1;6;4;8;8
2;2;2;2;5;7;6;5
2;2;1;1;5;5;6;5
1;1;2;1;8;8;7;8
1;2;2;2;7;6;6;6
1;2;2;2;8;7;7;7
2;1;2;2;6;7;6;4
1;1;2;1;6;7;7;7
2;2;2;1;8;7;8;7
1;2;2;2;8;8;8;8
1;2;2;1;8;8;8;8
1;1;2;2;7;7;5;5
1;2;1;1;7;7;7;8
1;1;1;2;7;7;3;8
1;1;2;2;7;8;8;7
1;1;2;2;7;8;6;7
1;1;1;2;6;6;8;7
1;2;1;2;8;7;8;7
1;1;2;2;5;7;4;5
1;2;1;1;8;8;7;7
1;2;1;2;7;7;7;7
1;2;2;1;6;7;6;7
1;2;2;1;7;7;6;6
1;2;1;1;8;7;6;8
1;2;2;2;7;8;8;7
2;2;2;1;6;8;8;6
1;2;2;2;6;6;6;7
1;1;2;1;6;6;5;6
1;2;2;2;7;6;5;6
1;1;2;2;8;8;6;8
2;2;2;1;6;4;7;6
2;2;2;1;7;7;6;6
1;1;2;2;7;6;8;6
1;2;2;1;7;7;7;6
1;1;1;2;6;7;7;7
1;1;2;1;8;8;7;8
1;2;2;1;6;7;6;6
1;2;2;1;6;7;7;5
2;2;1;2;8;7;6;7
1;1;2;2;7;8;7;7
2;2;2;1;7;7;5;6
2;2;2;1;7;7;7;7
1;1;1;2;8;8;8;8
1;1;2;2;8;8;8;7
1;2;1;2;5;5;5;4
1;2;2;1;6;7;6;5
1;2;1;2;7;6;5;4
2;2;2;1;6;6;6;6
1;1;2;1;6;7;6;5
1;2;1;1;6;5;5;6
1;1;1;1;7;7;7;7
2;2;2;1;5;8;5;5
1;1;1;1;5;6;5;6
2;1;1;1;6;5;5;6
1;1;1;1;6;4;6;6
1;1;2;1;6;7;6;6
1;1;1;1;7;6;5;5
1;2;2;1;8;7;7;8
1;2;1;1;7;7;7;7
1;1;1;1;7;7;6;6
1;2;1;2;5;4;6;7
1;1;2;1;6;7;7;6
1;2;1;1;7;8;6;7
1;1;1;2;8;7;8;7
2;2;2;1;8;8;7;8
1;2;2;2;8;8;8;8
1;2;2;2;8;7;7;8
1;2;1;1;8;8;7;8
1;1;1;1;7;8;8;7
1;1;2;1;5;6;6;5
1;2;1;1;7;5;6;6
1;2;1;1;8;7;8;8
1;1;1;2;8;7;7;6
1;1;2;1;7;6;5;5
1;1;1;1;7;7;6;8
1;1;2;1;7;8;7;7
1;1;1;2;7;7;6;7
1;2;2;1;4;7;6;5
1;2;1;2;6;5;7;8
1;1;2;1;6;6;6;6
1;1;2;1;7;8;6;7
1;1;2;1;8;8;7;7
2;1;2;1;6;5;6;5
1;2;1;1;6;8;7;8
1;1;2;1;7;4;8;7
1;1;1;1;7;7;6;8
1;1;2;1;6;6;5;6
1;1;1;1;5;8;6;7
1;2;2;1;7;8;8;6
1;1;2;2;7;7;7;8
1;2;1;2;6;6;8;7
1;1;1;1;8;8;8;8
1;1;1;2;6;8;8;6
2;2;1;1;2;6;8;7
1;2;2;1;8;5;7;0
1;2;1;1;5;6;5;5
2;1;2;1;6;8;8;7
1;1;2;1;7;7;7;7
2;2;1;2;8;8;6;5
1;2;1;2;5;7;4;7
1;2;2;1;6;6;7;7
1;2;1;2;8;8;8;8
1;1;2;1;7;8;7;6
2;2;1;1;8;8;8;7
1;1;2;1;7;7;7;6
1;2;1;1;7;6;6;6
1;2;1;1;2;8;7;2
1;1;1;1;7;5;6;5
1;1;1;1;8;4;7;7
1;2;1;1;4;7;7;7
1;1;2;2;7;6;6;7
